[
  {
    "name":"Die Grünen",
    "city":"Vienna",
    "country":"Austria",
    "group":"Greens",
    "group_name":"The Greens / European Free Alliance",
    "lat":48.1999307,
    "lng":16.3485744,
    "wikipedia_site":"http://en.wikipedia.org/wiki/The_Greens_%E2%80%93_The_Green_Alternative",
    "headquarters":"Lindengasse 40, 1070 Vienna, Austria"
  },
  {
    "name":"Ecolo",
    "city":"Namur",
    "country":"Belgium",
    "group":"Greens",
    "group_name":"The Greens / European Free Alliance",
    "lat":50.4583111,
    "lng":4.8419195,
    "wikipedia_site":"http://en.wikipedia.org/wiki/Ecolo",
    "headquarters":"Avenue de Marlagne 52, 5000 Namur, Belgium"
  },
  {
    "name":"Groen",
    "city":"Anderlecht",
    "country":"Belgium",
    "group":"Greens",
    "group_name":"The Greens / European Free Alliance",
    "lat":50.8394914,
    "lng":4.3345297,
    "wikipedia_site":"http://en.wikipedia.org/wiki/Groen_(political_party)",
    "headquarters":"Sergeant De Bruynestraat 78, 1070 Anderlecht, Belgium"
  },
  {
    "name":"NVA",
    "city":"Brussels",
    "country":"Belgium",
    "group":"Greens",
    "group_name":"The Greens / European Free Alliance",
    "lat":50.8489769,
    "lng":4.3637635,
    "wikipedia_site":"http://en.wikipedia.org/wiki/New_Flemish_Alliance",
    "headquarters":"Rue Royale 47, 1000 Brussels, Belgium"
  },
  {
    "name":"SF",
    "city":"Copenhagen",
    "country":"Denmark",
    "group":"Greens",
    "group_name":"The Greens / European Free Alliance",
    "lat":55.6758333,
    "lng":12.5788889,
    "wikipedia_site":"http://en.wikipedia.org/wiki/Socialist_People's_Party_(Denmark)",
    "headquarters":"Christiansborg Palace, 1218 Copenhagen, Denmark"
  },
  {
    "name":"De Gröna",
    "city":"Helsinki",
    "country":"Finland",
    "group":"Greens",
    "group_name":"The Greens / European Free Alliance",
    "lat":60.1634851,
    "lng":24.9383471,
    "wikipedia_site":"http://en.wikipedia.org/wiki/Green_League",
    "headquarters":"Fredrikinkatu 33, 00120 Helsinki, Finland"
  },
  {
    "name":"PNC",
    "city":"Bastia",
    "country":"France",
    "group":"Greens",
    "group_name":"The Greens / European Free Alliance",
    "lat":42.6963833,
    "lng":9.4468279,
    "wikipedia_site":"http://en.wikipedia.org/wiki/Party_of_the_Corsican_Nation",
    "headquarters":"5 Boulevard Hyacinthe de Montera, 20200 Bastia, France"
  },
  {
    "name":"Die Grünen",
    "city":"Berlin",
    "country":"Germany",
    "group":"Greens",
    "group_name":"The Greens / European Free Alliance",
    "lat":52.5288837,
    "lng":13.3793171,
    "wikipedia_site":"http://en.wikipedia.org/wiki/Alliance_%2790/The_Greens",
    "headquarters":"Platz vor dem Neuen Tor 1, 10115 Berlin, Germany"
  },
  {
    "name":"Oikologoi prasinoi",
    "city":"Athens",
    "country":"Greece",
    "group":"Greens",
    "group_name":"The Greens / European Free Alliance",
    "lat":37.965563,
    "lng":23.729356,
    "wikipedia_site":"http://en.wikipedia.org/wiki/Oikologoi_Prasinoi",
    "headquarters":"31, Kolokotronis St., 105 62 Athens"
  },
  {
    "name":"Federazione dei Verdi",
    "city":"Rome",
    "country":"Italy",
    "group":"Greens",
    "group_name":"The Greens / European Free Alliance",
    "lat":41.9056403,
    "lng":12.4955343,
    "wikipedia_site":"http://en.wikipedia.org/wiki/Federazione_dei_Verdi",
    "headquarters":"Via Antonio Salandra, 6, 00187 Rome, Italy"
  },
  {
    "name":"Dei gréng",
    "city":"Luxembourg",
    "country":"Luxembourg",
    "group":"Greens",
    "group_name":"The Greens / European Free Alliance",
    "lat":49.604769,
    "lng":6.1320934,
    "wikipedia_site":"http://en.wikipedia.org/wiki/The_Greens_(Luxembourg)",
    "headquarters":"1 Rue du Fort Elisabeth, 1463 Luxemburg City, Luxembourg"
  },
  {
    "name":"Equo",
    "city":"Madrid",
    "country":"Spain",
    "group":"Greens",
    "group_name":"The Greens / European Free Alliance",
    "lat":40.4523802,
    "lng":-3.68022,
    "wikipedia_site":"http://en.wikipedia.org/wiki/Equo",
    "headquarters":"Calle Jiloca, 4, 28016 Madrid, Spain"
  },
  {
    "name":"ERC",
    "city":"Barcelnga",
    "country":"Spain",
    "group":"Greens",
    "group_name":"The Greens / European Free Alliance",
    "lat":41.3826332,
    "lng":2.1513423,
    "wikipedia_site":"http://en.wikipedia.org/wiki/Esquerra_Republicana_de_Catalunya",
    "headquarters":"Carrer Calàbria, 166, 08015 Barcelnga, Spain"
  },
  {
    "name":"ICV",
    "city":"Barcelnga",
    "country":"Spain",
    "group":"Greens",
    "group_name":"The Greens / European Free Alliance",
    "lat":41.382234,
    "lng":2.1779805,
    "wikipedia_site":"http://en.wikipedia.org/wiki/Initiative_for_Catalngia_Greens",
    "headquarters":"Carrer Ciutat, 7, 08002 Barcelnga, Spain"
  },
  {
    "name":"Eusko Alkartasuna",
    "city":"San Sebastian",
    "country":"Spain",
    "group":"Greens",
    "group_name":"The Greens / European Free Alliance",
    "lat":43.3018139,
    "lng":-2.0109963,
    "wikipedia_site":"http://en.wikipedia.org/wiki/Eusko_Alkartasuna",
    "headquarters":"Camino Portuetxe / Portuetxe Bidea, 23, 20008 San Sebastián, Gipuzkoa, Spain"
  },
  {
    "name":"BNG",
    "city":"Santiago de Compostela",
    "country":"Spain",
    "group":"Greens",
    "group_name":"The Greens / European Free Alliance",
    "lat":42.8872826,
    "lng":-8.5324822,
    "wikipedia_site":"http://en.wikipedia.org/wiki/Bloque_Nacionalista_Galego",
    "headquarters":"Avenida Rodríguez de Viguri, 16, 15703 Santiago de Compostela, A Coruña, Spain"
  },
  {
    "name":"Miljöpartiet de Gröna",
    "city":"Stockholm",
    "country":"Sweden",
    "group":"Greens",
    "group_name":"The Greens / European Free Alliance",
    "lat":59.3202472,
    "lng":18.0677552,
    "wikipedia_site":"http://en.wikipedia.org/wiki/Milj%C3%B6partiet_de_Gr%C3%B6na",
    "headquarters":"Pustegränd 3, 118 20 Stockholm, Sweden"
  },
  {
    "name":"Piratpartiet",
    "city":"Stockholm",
    "country":"Sweden",
    "group":"Greens",
    "group_name":"The Greens / European Free Alliance",
    "lat":59.32893,
    "lng":18.06491,
    "wikipedia_site":"http://en.wikipedia.org/wiki/Piratpartiet",
    "headquarters":"Stockholm"
  },
  {
    "name":"Green party of England and Wales",
    "city":"lngdon",
    "country":"UK",
    "group":"Greens",
    "group_name":"The Greens / European Free Alliance",
    "lat":51.5244343,
    "lng":-0.0845572,
    "wikipedia_site":"http://en.wikipedia.org/wiki/Green_Party_of_England_and_Wales",
    "headquarters":"Development House, 56-64 Leonard Street, Shoreditch, lngdon EC2A 4LT, UK"
  },
  {
    "name":"Scottish National Party",
    "city":"Edinburgh",
    "country":"Scotland",
    "group":"Greens",
    "group_name":"The Greens / European Free Alliance",
    "lat":55.920966,
    "lng":-3.171598,
    "wikipedia_site":"http://en.wikipedia.org/wiki/Scottish_National_Party",
    "headquarters":"Gordon Lamb House 3 Jackson's Entry Edinburgh EH8 8PJ"
  },
  {
    "name":"Plaid Cymru",
    "city":"Cardiff",
    "country":"Wales",
    "group":"Greens",
    "group_name":"The Greens / European Free Alliance",
    "lat":55.950966,
    "lng":-3.177598,
    "wikipedia_site":"http://en.wikipedia.org/wiki/Plaid_Cymru",
    "headquarters":"Tŷ Gwynfor, Marine Chambers, Anson Court, Atlantic Wharf Cardiff, Wales CF10 4AL"
  },
  {
    "name":"AKEL",
    "city":"Nicosia",
    "country":"Cyprus",
    "group":"GUE/NGL",
    "group_name":"European Left",
    "lat":35.1614986,
    "lng":33.3619454,
    "wikipedia_site":"http://en.wikipedia.org/wiki/Progressive_Party_of_Working_People",
    "headquarters":"Ezekia Papaioannou, Nicosia, Cyprus"
  },
  {
    "name":"Bloco de esquerda",
    "city":"Lisbon",
    "country":"Portugal",
    "group":"GUE/NGL",
    "group_name":"European Left",
    "lat":38.7189719,
    "lng":-9.1354135,
    "wikipedia_site":"http://en.wikipedia.org/wiki/Bloco_de_Esquerda",
    "headquarters":"Rua Palma 268, 1100-395 Lisbon, Portugal"
  },
  {
    "name":"Die Linke",
    "city":"Berlin",
    "country":"Germany",
    "group":"GUE/NGL",
    "group_name":"European Left",
    "lat":52.5200727,
    "lng":13.4137781,
    "wikipedia_site":"http://en.wikipedia.org/wiki/Die_Linke",
    "headquarters":"Alexanderplatz 28, 10178 Berlin, Germany"
  },
  {
    "name":"Folkebevægelsen mod EU",
    "city":"Copenhagen",
    "country":"Denmark",
    "group":"GUE/NGL",
    "group_name":"European Left",
    "lat":55.677761,
    "lng":12.587974,
    "wikipedia_site":"http://en.wikipedia.org/wiki/People%27s_Movement_against_the_EU",
    "headquarters":"Tordenskjoldsgade 21, 1055 København K, Denmark"
  },
  {
    "name":"Front de gauche",
    "city":"Paris",
    "country":"France",
    "group":"GUE/NGL",
    "group_name":"European Left",
    "lat":48.856614,
    "lng":2.3522219,
    "wikipedia_site":"http://en.wikipedia.org/wiki/Left_Front_(France)",
    "headquarters":"Paris"
  },
  {
    "name":"Saskanas centrs´",
    "city":"Riga",
    "country":"Latvia",
    "group":"GUE/NGL",
    "group_name":"European Left",
    "lat":56.9827599,
    "lng":24.16939,
    "wikipedia_site":"http://en.wikipedia.org/wiki/Harmony_Centre",
    "headquarters":"Čiekurkalna 1. līnija, Vidzemes priekšpilsēta, Rīga, LV-1026, Latvia"
  },
  {
    "name":"Hrvatski laburisti",
    "city":"Zagreb",
    "country":"Croatia",
    "group":"GUE/NGL",
    "group_name":"European Left",
    "lat":45.8124846,
    "lng":15.962454,
    "wikipedia_site":"http://en.wikipedia.org/wiki/Croatian_Labourists_%E2%80%93_Labour_Party",
    "headquarters":"Ilica ulica 108, 10000, Zagreb, Croatia"
  },
  {
    "name":"Izquierda Unida",
    "city":"Madrid",
    "country":"Spain",
    "group":"GUE/NGL",
    "group_name":"European Left",
    "lat":40.4560726,
    "lng":-3.6457374,
    "wikipedia_site":"http://en.wikipedia.org/wiki/United_Left_(Spain)",
    "headquarters":"Calle Olimpo, 35, 28043 Madrid, Spain"
  },
  {
    "name":"KKE",
    "city":"Athens",
    "country":"Greece",
    "group":"GUE/NGL",
    "group_name":"European Left",
    "lat":38.0350546,
    "lng":23.7471783,
    "wikipedia_site":"http://en.wikipedia.org/wiki/KKE",
    "headquarters":"Leoforos Irakliou 145, Nea Ionia 142 31, Greece"
  },
  {
    "name":"KSCM",
    "city":"Prague",
    "country":"Czech Republic",
    "group":"GUE/NGL",
    "group_name":"European Left",
    "lat":50.0829389,
    "lng":14.4292597,
    "wikipedia_site":"http://en.wikipedia.org/wiki/Communist_Party_of_Bohemia_and_Moravia",
    "headquarters":"Politických vězňů 9, 110 00 Prague 1, Czech Republic"
  },
  {
    "name":"PCP",
    "city":"Lisbon",
    "country":"Portugal",
    "group":"GUE/NGL",
    "group_name":"European Left",
    "lat":38.74521,
    "lng":-9.1591585,
    "wikipedia_site":"http://en.wikipedia.org/wiki/Portuguese_Communist_Party",
    "headquarters":"Rua Soeiro Pereira Gomes 3, 1600-019 Lisbon, Portugal"
  },
  {
    "name":"Sinn Féin",
    "city":"Dublin",
    "country":"Ireland",
    "group":"GUE/NGL",
    "group_name":"European Left",
    "lat":53.3526891,
    "lng":-6.2641954,
    "wikipedia_site":"http://en.wikipedia.org/wiki/Sinn_F%C3%A9in",
    "headquarters":"44 Parnell Square West, Dublin, Ireland"
  },
  {
    "name":"Socialist party",
    "city":"Dublin",
    "country":"Ireland",
    "group":"GUE/NGL",
    "group_name":"European Left",
    "lat":53.343464,
    "lng":-6.2848344,
    "wikipedia_site":"http://en.wikipedia.org/wiki/Socialist_Party_(Ireland)",
    "headquarters":"141 Thomas Street, Dublin, Ireland"
  },
  {
    "name":"Socialistische Partij",
    "city":"Amersfoort",
    "country":"Netherlands",
    "group":"GUE/NGL",
    "group_name":"European Left",
    "lat":52.1540126,
    "lng":5.3805988,
    "wikipedia_site":"http://en.wikipedia.org/wiki/Socialist_Party_(Netherlands)",
    "headquarters":"Snouckaertlaan 70, 3811 MB Amersfoort, The Netherlands"
  },
  {
    "name":"Syriza",
    "city":"Athens",
    "country":"Greece",
    "group":"GUE/NGL",
    "group_name":"European Left",
    "lat":37.9851702,
    "lng":23.7360041,
    "wikipedia_site":"http://en.wikipedia.org/wiki/Syriza",
    "headquarters":"Valtetsiou 39, Athens 106 81, Greece"
  },
  {
    "name":"Vänsterpartiet",
    "city":"Stockholm",
    "country":"Sweden",
    "group":"GUE/NGL",
    "group_name":"European Left",
    "lat":59.3316431,
    "lng":18.0479589,
    "wikipedia_site":"http://en.wikipedia.org/wiki/V%C3%A4nsterpartiet",
    "headquarters":"Kungsgatan 84, 112 27 Stockholm, Sweden"
  },
  {
    "name":"ÖVP",
    "city":"Vienna",
    "country":"Austria",
    "group":"EPP",
    "group_name":"European People's Party",
    "lat":48.2099605,
    "lng":16.3564337,
    "wikipedia_site":"http://en.wikipedia.org/wiki/%C3%96VP",
    "headquarters":"Lichtenfelsgasse 7, 1010 Vienna, Austria"
  },
  {
    "name":"CD&V",
    "city":"Brussels",
    "country":"Belgium",
    "group":"EPP",
    "group_name":"European People's Party",
    "lat":50.8438361,
    "lng":4.3764921,
    "wikipedia_site":"http://en.wikipedia.org/wiki/Christen-Democratisch_en_Vlaams",
    "headquarters":"Rue de la Loi 89, 1040 Brussels, Belgium"
  },
  {
    "name":"CDH",
    "city":"Brussels",
    "country":"Belgium",
    "group":"EPP",
    "group_name":"European People's Party",
    "lat":50.8465201,
    "lng":4.3727621,
    "wikipedia_site":"http://en.wikipedia.org/wiki/Centre_D%C3%A9mocrate_Humaniste",
    "headquarters":"Rue des Deux Églises, 1000 Brussels, Belgium"
  },
  {
    "name":"CSP",
    "city":"Eupen",
    "country":"Belgium",
    "group":"EPP",
    "group_name":"European People's Party",
    "lat":50.6301332,
    "lng":6.0419336,
    "wikipedia_site":"http://en.wikipedia.org/wiki/Christian_Social_Party_(Belgium)",
    "headquarters":"Kaperberg, 4700 Eupen, Belgium"
  },
  {
    "name":"GERB",
    "city":"Sofia",
    "country":"Bulgaria",
    "group":"EPP",
    "group_name":"European People's Party",
    "lat":42.6847412,
    "lng":23.3190056,
    "wikipedia_site":"http://en.wikipedia.org/wiki/Citizens_for_European_Development_of_Bulgaria",
    "headquarters":"National Culture Palace, bulevard Bulgaria 1, 1463 Sofia, Bulgaria"
  },
  {
    "name":"UDF",
    "city":"Sofia",
    "country":"Bulgaria",
    "group":"EPP",
    "group_name":"European People's Party",
    "lat":42.6897747,
    "lng":23.323158,
    "wikipedia_site":"http://en.wikipedia.org/wiki/Union_of_Democratic_Forces_(Bulgaria)",
    "headquarters":"ulitsa Georgi. S. Rakovski 134, 1000 Sofia, Bulgaria"
  },
  {
    "name":"DSB",
    "city":"Sofia",
    "country":"Bulgaria",
    "group":"EPP",
    "group_name":"European People's Party",
    "lat":42.6867309,
    "lng":23.3273678,
    "wikipedia_site":"http://en.wikipedia.org/wiki/Democrats_for_a_Strong_Bulgaria",
    "headquarters":"Vitosha Ski, 1142 Sofia, Bulgaria"
  },
  {
    "name":"HDZ",
    "city":"Zagreb",
    "country":"Croatia",
    "group":"EPP",
    "group_name":"European People's Party",
    "lat":45.8106015,
    "lng":15.9875514,
    "wikipedia_site":"http://en.wikipedia.org/wiki/HDZ",
    "headquarters":"Trg žrtava fašizma 4, 10000, Zagreb, Croatia"
  },
  {
    "name":"DISY",
    "city":"Nicosia",
    "country":"Cyprus",
    "group":"EPP",
    "group_name":"European People's Party",
    "lat":51.476406,
    "lng":-3.166052,
    "wikipedia_site":"http://en.wikipedia.org/wiki/Democratic_Rally",
    "headquarters":"Πινδάρου 25Τ.Θ. 25305 1308 Λευκωσία"
  },
  {
    "name":"KDU-CSL",
    "city":"Prague",
    "country":"Czech Republic",
    "group":"EPP",
    "group_name":"European People's Party",
    "lat":50.0750689,
    "lng":14.4350772,
    "wikipedia_site":"http://en.wikipedia.org/wiki/KDU-CSL",
    "headquarters":"Prague 2, Czech Republic"
  },
  {
    "name":"TOP 09",
    "city":"Prague",
    "country":"Czech Republic",
    "group":"EPP",
    "group_name":"European People's Party",
    "lat":50.0834633,
    "lng":14.4049046,
    "wikipedia_site":"http://en.wikipedia.org/wiki/TOP_09",
    "headquarters":"Újezd 450/40, 118 00 Prague-Prague 1, Czech Republic"
  },
  {
    "name":"Konservative",
    "city":"Copenhagen",
    "country":"Denmark",
    "group":"EPP",
    "group_name":"European People's Party",
    "lat":55.679914,
    "lng":12.5890467,
    "wikipedia_site":"http://en.wikipedia.org/wiki/Konservative",
    "headquarters":"Nyhavn 4, 1051 København K, Denmark"
  },
  {
    "name":"Isamaa ja res publica liit",
    "city":"Tallinn",
    "country":"Estonia",
    "group":"EPP",
    "group_name":"European People's Party",
    "lat":59.4347184,
    "lng":24.7286521,
    "wikipedia_site":"http://en.wikipedia.org/wiki/Isamaa_ja_Res_Publica_Liit",
    "headquarters":"Paldiski maantee 13, 10137 Tallinn, Estonia"
  },
  {
    "name":"Kokoomus",
    "city":"Helsinki",
    "country":"Finland",
    "group":"EPP",
    "group_name":"European People's Party",
    "lat":60.1675181,
    "lng":24.9340397,
    "wikipedia_site":"http://en.wikipedia.org/wiki/Kokoomus",
    "headquarters":"Kansakoulukuja 3, 00100 Helsinki, Finland"
  },
  {
    "name":"Kristillisdemokraatit",
    "city":"Helsinki",
    "country":"Finland",
    "group":"EPP",
    "group_name":"European People's Party",
    "lat":60.1927539,
    "lng":24.936173,
    "wikipedia_site":"http://en.wikipedia.org/wiki/Kristillisdemokraatit",
    "headquarters":"Karjalankatu 2, 00520 Helsinki, Finland"
  },
  {
    "name":"Union pour un Mouvement Populaire",
    "city":"Paris",
    "country":"France",
    "group":"EPP",
    "group_name":"European People's Party",
    "lat":48.8405244,
    "lng":2.3031824,
    "wikipedia_site":"http://en.wikipedia.org/wiki/Union_pour_un_Mouvement_Populaire",
    "headquarters":"238 Rue de Vaugirard, 75015 Paris, France"
  },
  {
    "name":"UDI",
    "city":"Paris",
    "country":"France",
    "group":"EPP",
    "group_name":"European People's Party",
    "lat":48.842023,
    "lng":2.3071987,
    "wikipedia_site":"http://en.wikipedia.org/wiki/Union_of_Democrats_and_Independents",
    "headquarters":"22 Rue des Volngtaires, 75015 Paris, France"
  },
  {
    "name":"CDU",
    "city":"Berlin",
    "country":"Germany",
    "group":"EPP",
    "group_name":"European People's Party",
    "lat":52.50645,
    "lng":13.35129,
    "wikipedia_site":"http://en.wikipedia.org/wiki/Christian_Democratic_Union_(Germany)",
    "headquarters":"Klingelhöferstraße 8, 10785 Berlin, Germany"
  },
  {
    "name":"CSU",
    "city":"Munich",
    "country":"Germany",
    "group":"EPP",
    "group_name":"European People's Party",
    "lat":48.14997,
    "lng":11.54877,
    "wikipedia_site":"http://en.wikipedia.org/wiki/Christian_Social_Union_in_Bavaria",
    "headquarters":"Nymphenburger Straße 64, 80335 Munich, Germany"
  },
  {
    "name":"Néa Dimokratia",
    "city":"Athens",
    "country":"Greece",
    "group":"EPP",
    "group_name":"European People's Party",
    "lat":37.9448768,
    "lng":23.7010453,
    "wikipedia_site":"http://en.wikipedia.org/wiki/New_Democracy_(Greece)",
    "headquarters":"Leoforos Andrea Siggrou 340, Kallithea, Greece"
  },
  {
    "name":"Fidesz",
    "city":"Budapest",
    "country":"Hungary",
    "group":"EPP",
    "group_name":"European People's Party",
    "lat":47.492968,
    "lng":19.0652749,
    "wikipedia_site":"http://en.wikipedia.org/wiki/Fidesz",
    "headquarters":"1088 Budapest, Szentkirályi Street 18, Hungary"
  },
  {
    "name":"KDNP",
    "city":"Budapest",
    "country":"Hungary",
    "group":"EPP",
    "group_name":"European People's Party",
    "lat":47.5067392,
    "lng":19.0857893,
    "wikipedia_site":"http://en.wikipedia.org/wiki/KDNP",
    "headquarters":"1071 Budapest, Dózsa György Way & István Street, Hungary"
  },
  {
    "name":"Forza Italia",
    "city":"Rome",
    "country":"Italy",
    "group":"EPP",
    "group_name":"European People's Party",
    "lat":41.9042336,
    "lng":12.4777226,
    "wikipedia_site":"http://en.wikipedia.org/wiki/Forza_Italia_(2013)",
    "headquarters":"Piazza di San Lorenzo in Lucina, 00186 Rome, Italy"
  },
  {
    "name":"Nuovo centrodestra",
    "city":"Rome",
    "country":"Italy",
    "group":"EPP",
    "group_name":"European People's Party",
    "lat":41.9021142,
    "lng":12.4859147,
    "wikipedia_site":"http://en.wikipedia.org/wiki/New_Centre-Right",
    "headquarters":"Via in Arcione, 71, 00187 Rome, Italy"
  },
  {
    "name":"Casini-UDC",
    "city":"Rome",
    "country":"Italy",
    "group":"EPP",
    "group_name":"European People's Party",
    "lat":41.9046092,
    "lng":12.4838153,
    "wikipedia_site":"http://en.wikipedia.org/wiki/Union_of_Christian_and_Centre_Democrats",
    "headquarters":"Via dei Due Macelli, 66, 00187 Rome, Italy"
  },
  {
    "name":"Fratelli d´Italia",
    "city":"Rome",
    "country":"Italy",
    "group":"EPP",
    "group_name":"European People's Party",
    "lat":41.9011561,
    "lng":12.4776605,
    "wikipedia_site":"http://en.wikipedia.org/wiki/Brothers_of_Italy",
    "headquarters":"Via degli Uffici del Vicario, 21, 00186 Rome, Italy"
  },
  {
    "name":"Popolari UDEUR",
    "city":"Rome",
    "country":"Italy",
    "group":"EPP",
    "group_name":"European People's Party",
    "lat":41.892905,
    "lng":12.4753468,
    "wikipedia_site":"http://en.wikipedia.org/wiki/UDEUR_Populars",
    "headquarters":"Via Arenula, 34, 00186 Rome, Italy"
  },
  {
    "name":"Südtiroler Volkspartei",
    "city":"Bolzano",
    "country":"Italy",
    "group":"EPP",
    "group_name":"European People's Party",
    "lat":46.5004989,
    "lng":11.3617944,
    "wikipedia_site":"http://en.wikipedia.org/wiki/S%C3%BCdtiroler_Volkspartei",
    "headquarters":"Via Brennero, 7, 39100 Bolzano, Italy"
  },
  {
    "name":"Futuro e Libertà",
    "city":"Rome",
    "country":"Italy",
    "group":"EPP",
    "group_name":"European People's Party",
    "lat":41.8723889,
    "lng":12.4801802,
    "wikipedia_site":"http://en.wikipedia.org/wiki/Futuro_e_Libert%C3%A0",
    "headquarters":"Rome"
  },
  {
    "name":"Popolari per l'Italia",
    "city":"Rome",
    "country":"Italy",
    "group":"EPP",
    "group_name":"European People's Party",
    "lat":41.8223889,
    "lng":12.4851802,
    "wikipedia_site":"http://en.wikipedia.org/wiki/Popolari_per_l%27Italia",
    "headquarters":"Rome"
  },
  {
    "name":"Vienotíba",
    "city":"Riga",
    "country":"Latvia",
    "group":"EPP",
    "group_name":"European People's Party",
    "lat":56.945359,
    "lng":24.1146226,
    "wikipedia_site":"http://en.wikipedia.org/wiki/Unity_(Latvian_political_party)",
    "headquarters":"Riga"
  },
  {
    "name":"TS-LKD",
    "city":"Vilnius",
    "country":"Lithuania",
    "group":"EPP",
    "group_name":"European People's Party",
    "lat":54.6839932,
    "lng":25.2838057,
    "wikipedia_site":"http://en.wikipedia.org/wiki/TS-LKD",
    "headquarters":"L. Stuokos-Gucevičiaus gatvė 11, Vilnius 01122, Lithuania"
  },
  {
    "name":"CSV",
    "city":"Luxembourg",
    "country":"Luxembourg",
    "group":"EPP",
    "group_name":"European People's Party",
    "lat":49.6103966,
    "lng":6.1329776,
    "wikipedia_site":"http://en.wikipedia.org/wiki/Christian_Social_People%27s_Party",
    "headquarters":"4 Rue de l'Eau, 1449 Luxemburg City, Luxembourg"
  },
  {
    "name":"Nationalist party",
    "city":"Valletta",
    "country":"Malta",
    "group":"EPP",
    "group_name":"European People's Party",
    "lat":37.991834,
    "lng":-121.294556,
    "wikipedia_site":"http://en.wikipedia.org/wiki/Nationalist_Party_(Malta)",
    "headquarters":"Id-Dar Ċentrali Triq Herbert Ganado Pietà"
  },
  {
    "name":"CDA",
    "city":"The Hague",
    "country":"Netherlands",
    "group":"EPP",
    "group_name":"European People's Party",
    "lat":52.0721398,
    "lng":4.3037388,
    "wikipedia_site":"http://en.wikipedia.org/wiki/Christian_Democratic_Appeal",
    "headquarters":"Buitenom 18, 2512 XA The Hague, The Netherlands"
  },
  {
    "name":"Platforma Obywatelska",
    "city":"Warsaw",
    "country":"Poland",
    "group":"EPP",
    "group_name":"European People's Party",
    "lat":35.893056,
    "lng":14.493611,
    "wikipedia_site":"http://en.wikipedia.org/wiki/Platforma_Obywatelska",
    "headquarters":"Władysław Anders st. 21, 00-159 Warsaw"
  },
  {
    "name":"PSL",
    "city":"Warsaw",
    "country":"Poland",
    "group":"EPP",
    "group_name":"European People's Party",
    "lat":52.230126,
    "lng":21.0197178,
    "wikipedia_site":"http://en.wikipedia.org/wiki/Polish_People%27s_Party",
    "headquarters":"Kopernika 36, 00-924 Warsaw, Poland"
  },
  {
    "name":"PSD",
    "city":"Lisbon",
    "country":"Portugal",
    "group":"EPP",
    "group_name":"European People's Party",
    "lat":38.7083486,
    "lng":-9.1641845,
    "wikipedia_site":"http://en.wikipedia.org/wiki/Social_Democratic_Party_(Portugal)",
    "headquarters":"Rua São Caetano 9, 1200-794 Lisbon, Portugal"
  },
  {
    "name":"CDS",
    "city":"Lisbon",
    "country":"Portugal",
    "group":"EPP",
    "group_name":"European People's Party",
    "lat":38.7117235,
    "lng":-9.1356438,
    "wikipedia_site":"http://en.wikipedia.org/wiki/Democratic_and_Social_Center_/_People%27s_Party",
    "headquarters":"Largo Adelino Amaro da Costa 5, 1100-324 Lisbon, Portugal"
  },
  {
    "name":"Partidul Democrat-Liberal",
    "city":"Bucharest",
    "country":"Romania",
    "group":"EPP",
    "group_name":"European People's Party",
    "lat":44.4568623,
    "lng":26.0885101,
    "wikipedia_site":"http://en.wikipedia.org/wiki/Partidul_Democrat-Liberal",
    "headquarters":"Aleea Modrogan, Bucharest, Romania"
  },
  {
    "name":"RMDSz",
    "city":"Bucharest",
    "country":"Romania",
    "group":"EPP",
    "group_name":"European People's Party",
    "lat":46.761026,
    "lng":23.5906619,
    "wikipedia_site":"http://en.wikipedia.org/wiki/RMDSZ",
    "headquarters":"Strada Republicii 60, Cluj-Napoca 400000, Rumanía"
  },
  {
    "name":"SDKÚ",
    "city":"Bratislava",
    "country":"Slovak Republic",
    "group":"EPP",
    "group_name":"European People's Party",
    "lat":48.1566166,
    "lng":17.1641473,
    "wikipedia_site":"http://en.wikipedia.org/wiki/SDK%C3%9A",
    "headquarters":"Ružinovská 2747/28, 821 04 Bratislava, Slovakia"
  },
  {
    "name":"KDH",
    "city":"Bratislava",
    "country":"Slovak Republic",
    "group":"EPP",
    "group_name":"European People's Party",
    "lat":48.1519794,
    "lng":17.1493584,
    "wikipedia_site":"http://en.wikipedia.org/wiki/KDH",
    "headquarters":"Bajkalská 1496/25, 821 01 Bratislava, Slovakia"
  },
  {
    "name":"Magyar Közösség Pártja",
    "city":"Bratislava",
    "country":"Slovak Republic",
    "group":"EPP",
    "group_name":"European People's Party",
    "lat":48.1578853,
    "lng":17.1152102,
    "wikipedia_site":"http://en.wikipedia.org/wiki/Party_of_the_Hungarian_Community",
    "headquarters":"Čajakova 4048/8, 811 05 Bratislava, Slovakia"
  },
  {
    "name":"SDS",
    "city":"Ljubljana",
    "country":"Slovenia",
    "group":"EPP",
    "group_name":"European People's Party",
    "lat":46.0629996,
    "lng":14.5065871,
    "wikipedia_site":"http://en.wikipedia.org/wiki/Slovenska_demokratska_stranka",
    "headquarters":"Trstenjakova ulica 8, 1000 Ljubljana, Slovenia"
  },
  {
    "name":"NSi",
    "city":"Ljubljana",
    "country":"Slovenia",
    "group":"EPP",
    "group_name":"European People's Party",
    "lat":46.0527089,
    "lng":14.5014028,
    "wikipedia_site":"http://en.wikipedia.org/wiki/New_Slovenia",
    "headquarters":"Cankarjeva cesta 11, 1000 Ljubljana, Slovenia"
  },
  {
    "name":"Partido Popular",
    "city":"Madrid",
    "country":"Spain",
    "group":"EPP",
    "group_name":"European People's Party",
    "lat":40.4269892,
    "lng":-3.6941374,
    "wikipedia_site":"http://en.wikipedia.org/wiki/People%27s_Party_%28Spain%29",
    "headquarters":"Calle Génova, 13, 28004 Madrid, Spain"
  },
  {
    "name":"Unió democràtica de Catalunya",
    "city":"Barcelnga",
    "country":"Spain",
    "group":"EPP",
    "group_name":"European People's Party",
    "lat":41.3919518,
    "lng":2.1837275,
    "wikipedia_site":"http://en.wikipedia.org/wiki/Uni%C3%B3_Democr%C3%A0tica_de_Catalunya",
    "headquarters":"Carrer Nàpols, 35, 08018 Barcelnga, Spain"
  },
  {
    "name":"Moderata",
    "city":"Stockholm",
    "country":"Sweden",
    "group":"EPP",
    "group_name":"European People's Party",
    "lat":59.3240108,
    "lng":18.0694187,
    "wikipedia_site":"http://en.wikipedia.org/wiki/Moderate_Party",
    "headquarters":"Stora Nygatan 30, 111 27 Stockholm, Sweden"
  },
  {
    "name":"kristdemokraterna",
    "city":"Stockholm",
    "country":"Sweden",
    "group":"EPP",
    "group_name":"European People's Party",
    "lat":59.3251805,
    "lng":18.0666731,
    "wikipedia_site":"http://en.wikipedia.org/wiki/Kristdemokraterna",
    "headquarters":"Munkbron 1, 111 28 Stockholm, Sweden"
  },
  {
    "name":"FPO",
    "city":"Vienna",
    "country":"Austria",
    "group":"EAF",
    "group_name":"European Alliance for Freedom",
    "lat":48.200434,
    "lng":16.3585304,
    "wikipedia_site":"http://es.wikipedia.org/wiki/Partido_de_la_Libertad_de_Austria",
    "headquarters":"Theobaldgasse 19, 1060 Vienna, Austria"
  },
  {
    "name":"Vlaams Belang",
    "city":"Brussels",
    "country":"Belgium",
    "group":"EAF",
    "group_name":"European Alliance for Freedom",
    "lat":50.8488211,
    "lng":4.369841,
    "wikipedia_site":"http://es.wikipedia.org/wiki/Vlaams_Belang",
    "headquarters":"Madouplein 8, 1210 Saint-Josse-ten-Noode, Belgium"
  },
  {
    "name":"Front National",
    "city":"Paris",
    "country":"France",
    "group":"EAF",
    "group_name":"European Alliance for Freedom",
    "lat":50.4231992,
    "lng":4.4492592,
    "wikipedia_site":"http://en.wikipedia.org/wiki/National_Front_(Belgium)",
    "headquarters":"Rue Tourette 100, 6000 Charleroi, Belgium"
  },
  {
    "name":"Bürger in wut",
    "city":"Berlin",
    "country":"Germany",
    "group":"EAF",
    "group_name":"European Alliance for Freedom",
    "lat":52.52853,
    "lng":13.39181,
    "wikipedia_site":"http://en.wikipedia.org/wiki/Citizens_in_Rage",
    "headquarters":"Torstraße 195, 10115 Berlin, Germany"
  },
  {
    "name":"Sverigedemokraterna",
    "city":"Stockholm",
    "country":"Sweden",
    "group":"EAF",
    "group_name":"European Alliance for Freedom",
    "lat":52.227116,
    "lng":21.107247,
    "wikipedia_site":"http://es.wikipedia.org/wiki/Dem%C3%B3cratas_de_Suecia",
    "headquarters":"Box 26, 291 21 Kristianstad"
  },
  {
    "name":"LDD",
    "city":"Gent",
    "country":"Belgium",
    "group":"ECR",
    "group_name":"European Conservatives and Reformists",
    "lat":51.0348452,
    "lng":3.7357808,
    "wikipedia_site":"http://en.wikipedia.org/wiki/Libertair,_Direct,_Democratisch",
    "headquarters":"Bellevuestraat 5, 9050 Ghent, Belgium"
  },
  {
    "name":"HSP",
    "city":"Zagreb",
    "country":"Croatia",
    "group":"ECR",
    "group_name":"European Conservatives and Reformists",
    "lat":45.8121319,
    "lng":15.961135,
    "wikipedia_site":"http://es.wikipedia.org/wiki/Partido_Croata_de_los_Derechos",
    "headquarters":"Primorska ulica 5, 10000, Zagreb, Croatia"
  },
  {
    "name":"ODS",
    "city":"Prague",
    "country":"Czech Republic",
    "group":"ECR",
    "group_name":"European Conservatives and Reformists",
    "lat":50.0516442,
    "lng":14.4428083,
    "wikipedia_site":"http://es.wikipedia.org/wiki/Partido_Democr%C3%A1tico_C%C3%ADvico",
    "headquarters":"Doudlebská 1699/5, 140 00 Prague-Prague 4, Czech Republic"
  },
  {
    "name":"MoMa",
    "city":"Budapest",
    "country":"Hungary",
    "group":"ECR",
    "group_name":"European Conservatives and Reformists",
    "lat":47.5338106,
    "lng":19.0424732,
    "wikipedia_site":"http://en.wikipedia.org/wiki/Modern_Hungary_Movement",
    "headquarters":"1036 Budapest, Lajos Street 107, Hungary"
  },
  {
    "name":"Conservatori e Social Riformatori",
    "city":"Milan",
    "country":"Italy",
    "group":"ECR",
    "group_name":"European Conservatives and Reformists",
    "lat":45.4656999,
    "lng":9.2058786,
    "wikipedia_site":"http://en.wikipedia.org/wiki/Conservatives_and_Social_Reformers",
    "headquarters":"Via Vincenzo Bellini, 19, 20122 Milan, Italy"
  },
  {
    "name":"TB/LNNK",
    "city":"Riga",
    "country":"Latvia",
    "group":"ECR",
    "group_name":"European Conservatives and Reformists",
    "lat":56.9519214,
    "lng":24.1054151,
    "wikipedia_site":"http://en.wikipedia.org/wiki/For_Fatherland_and_Freedom/LNNK",
    "headquarters":"Jēkaba iela 20/22, Centra rajons, Rīga, LV-1050, Latvia"
  },
  {
    "name":"LLRA",
    "city":"Vilnius",
    "country":"Lithuania",
    "group":"ECR",
    "group_name":"European Conservatives and Reformists",
    "lat":54.6831899,
    "lng":25.2893433,
    "wikipedia_site":"http://en.wikipedia.org/wiki/Electoral_Action_of_Poles_in_Lithuania",
    "headquarters":"Pilies Street 16, Vilnius 01123, Lithuania"
  },
  {
    "name":"ChristenUnie",
    "city":"Amersfoort",
    "country":"Netherlands",
    "group":"ECR",
    "group_name":"European Conservatives and Reformists",
    "lat":52.1522866,
    "lng":5.3754558,
    "wikipedia_site":"http://en.wikipedia.org/wiki/ChristianUnion",
    "headquarters":"Johan van Oldenbarneveltlaan 46, 3818 HB Amersfoort, The Netherlands"
  },
  {
    "name":"PiS",
    "city":"Warsaw",
    "country":"Poland",
    "group":"ECR",
    "group_name":"European Conservatives and Reformists",
    "lat":52.2240852,
    "lng":20.9907091,
    "wikipedia_site":"http://en.wikipedia.org/wiki/Law_and_Justice",
    "headquarters":"Nowogrodzka 84, 02-018 Warsaw, Poland"
  },
  {
    "name":"Polska Razem",
    "city":"Warsaw",
    "country":"Poland",
    "group":"ECR",
    "group_name":"European Conservatives and Reformists",
    "lat":52.2237308,
    "lng":21.0225152,
    "wikipedia_site":"http://pl.wikipedia.org/wiki/Polska_Razem",
    "headquarters":"Piękna 3, Warsaw, Poland"
  },
  {
    "name":"Conservative Party",
    "city":"lngdon",
    "country":"UK",
    "group":"ECR",
    "group_name":"European Conservatives and Reformists",
    "lat":51.4923903,
    "lng":-0.1254962,
    "wikipedia_site":"http://en.wikipedia.org/wiki/Conservative_Party_(UK)",
    "headquarters":"30 Millbank, Westminster, lngdon SW1P 4QD, UK"
  },
  {
    "name":"UUP",
    "city":"Belfast",
    "country":"Northern Ireland",
    "group":"ECR",
    "group_name":"European Conservatives and Reformists",
    "lat":54.5954092,
    "lng":-5.9023584,
    "wikipedia_site":"http://en.wikipedia.org/wiki/Ulster_Unionist_Party",
    "headquarters":"174 Albertbridge Road, Belfast, County Antrim BT5 4GS, UK"
  },
  {
    "name":"SPÖ",
    "city":"Vienna",
    "country":"Austria",
    "group":"S&D",
    "group_name":"Socialists & Democrats",
    "lat":48.2110011,
    "lng":16.3620546,
    "wikipedia_site":"http://en.wikipedia.org/wiki/Social_Democratic_Party_of_Austria",
    "headquarters":"Löwelstraße 18, 1010 Vienna, Austria"
  },
  {
    "name":"Parti Socialiste",
    "city":"Brussels",
    "country":"Belgium",
    "group":"S&D",
    "group_name":"Socialists & Democrats",
    "lat":50.8430076,
    "lng":4.3531766,
    "wikipedia_site":"http://fr.wikipedia.org/wiki/Parti_socialiste_(Belgique)",
    "headquarters":"Boulevard de l'Empereur, 1000 Brussels, Belgium"
  },
  {
    "name":"Spa",
    "city":"Brussels",
    "country":"Belgium",
    "group":"S&D",
    "group_name":"Socialists & Democrats",
    "lat":50.8464393,
    "lng":4.3544155,
    "wikipedia_site":"http://en.wikipedia.org/wiki/Socialistische_Partij_Anders",
    "headquarters":"Grasmarkt 105, 1000 Brussels, Belgium"
  },
  {
    "name":"Bulgarian socialist party",
    "city":"Sofia",
    "country":"Bulgaria",
    "group":"S&D",
    "group_name":"Socialists & Democrats",
    "lat":42.6963507,
    "lng":23.3182715,
    "wikipedia_site":"http://en.wikipedia.org/wiki/Bulgarian_Socialist_Party",
    "headquarters":"ulitsa Positano 20, 1000 Sofia, Bulgaria"
  },
  {
    "name":"Socijaldemokratska partija Hrvatske",
    "city":"Zagreb",
    "country":"Croatia",
    "group":"S&D",
    "group_name":"Socialists & Democrats",
    "lat":45.813122,
    "lng":15.984668,
    "wikipedia_site":"http://en.wikipedia.org/wiki/Social_Democratic_Party_of_Croatia",
    "headquarters":"Trg Drage Iblera 9, 10000, Zagreb, Croatia"
  },
  {
    "name":"EDEK",
    "city":"Nicosia",
    "country":"Cyprus",
    "group":"S&D",
    "group_name":"Socialists & Democrats",
    "lat":35.072336,
    "lng":33.383854,
    "wikipedia_site":"http://en.wikipedia.org/wiki/Movement_for_Social_Democracy",
    "headquarters":""
  },
  {
    "name":"Dimokratikó Kómma",
    "city":"Nicosia",
    "country":"Cyprus",
    "group":"S&D",
    "group_name":"Socialists & Democrats",
    "lat":35.078336,
    "lng":33.389854,
    "wikipedia_site":"http://no.wikipedia.org/wiki/Dimokratik%C3%B3_K%C3%B3mma",
    "headquarters":""
  },
  {
    "name":"CSSD",
    "city":"Prague",
    "country":"Czech Republic",
    "group":"S&D",
    "group_name":"Socialists & Democrats",
    "lat":50.0875018,
    "lng":14.4314703,
    "wikipedia_site":"http://en.wikipedia.org/wiki/Czech_Social_Democratic_Party",
    "headquarters":"Hybernská 1033/7, 110 00 Prague-Prague 1, Czech Republic"
  },
  {
    "name":"Socialdemokraterne",
    "city":"Frederiksberg",
    "country":"Denmark",
    "group":"S&D",
    "group_name":"Socialists & Democrats",
    "lat":55.6781176,
    "lng":12.555098,
    "wikipedia_site":"http://en.wikipedia.org/wiki/Social_Democrats_(Denmark)",
    "headquarters":"Danasvej 7, 1910 Frederiksberg, Denmark"
  },
  {
    "name":"SDE",
    "city":"Tallinn",
    "country":"Estonia",
    "group":"S&D",
    "group_name":"Socialists & Democrats",
    "lat":59.438621,
    "lng":24.7630931,
    "wikipedia_site":"http://en.wikipedia.org/wiki/Social_Democratic_Party_(Estonia)",
    "headquarters":"Ahtri 10a, 10151 Tallinn, Estonia"
  },
  {
    "name":"SDP",
    "city":"Helsinki",
    "country":"Finland",
    "group":"S&D",
    "group_name":"Socialists & Democrats",
    "lat":60.1781545,
    "lng":24.9467268,
    "wikipedia_site":"http://en.wikipedia.org/wiki/Social_Democratic_Party_of_Finland",
    "headquarters":"Saariniemenkatu 6, 00530 Helsinki, Finland"
  },
  {
    "name":"Parti Socialiste",
    "city":"Paris",
    "country":"France",
    "group":"S&D",
    "group_name":"Socialists & Democrats",
    "lat":48.859738,
    "lng":2.323019,
    "wikipedia_site":"http://en.wikipedia.org/wiki/Socialist_Party_%28France%29",
    "headquarters":"10, rue de Solférino 75333 Paris Cedex 07"
  },
  {
    "name":"SPD",
    "city":"Berlin",
    "country":"Germany",
    "group":"S&D",
    "group_name":"Socialists & Democrats",
    "lat":52.499676,
    "lng":13.388502,
    "wikipedia_site":"http://en.wikipedia.org/wiki/SPD",
    "headquarters":"Willy-Brandt-Haus D-10911 Berlin"
  },
  {
    "name":"PASOK",
    "city":"Athens",
    "country":"Greece",
    "group":"S&D",
    "group_name":"Socialists & Democrats",
    "lat":37.971513,
    "lng":23.701104,
    "wikipedia_site":"http://en.wikipedia.org/wiki/PASOK",
    "headquarters":"Athens"
  },
  {
    "name":"DIMAR",
    "city":"Athens",
    "country":"Greece",
    "group":"S&D",
    "group_name":"Socialists & Democrats",
    "lat":37.971513,
    "lng":23.701104,
    "wikipedia_site":"http://en.wikipedia.org/wiki/DIMAR",
    "headquarters":"Plateia Viktorias 5, 10 434 Athens"
  },
  {
    "name":"MSZP",
    "city":"Budapest",
    "country":"Hungary",
    "group":"S&D",
    "group_name":"Socialists & Democrats",
    "lat":47.50604,
    "lng":19.060434,
    "wikipedia_site":"http://en.wikipedia.org/wiki/MSZP",
    "headquarters":"1066 Budapest, VI. Jókai utca 6."
  },
  {
    "name":"Labour",
    "city":"Dublin",
    "country":"Ireland",
    "group":"S&D",
    "group_name":"Socialists & Democrats",
    "lat":53.337308,
    "lng":-6.254491,
    "wikipedia_site":"http://en.wikipedia.org/wiki/Labour_Party_%28Ireland%29",
    "headquarters":"17 Ely Place, Dublin 2, Ireland"
  },
  {
    "name":"Partito democratico",
    "city":"Rome",
    "country":"Italy",
    "group":"S&D",
    "group_name":"Socialists & Democrats",
    "lat":41.908068,
    "lng":12.453269,
    "wikipedia_site":"http://en.wikipedia.org/wiki/Partito_Democratico",
    "headquarters":"Via S. Andrea delle Fratte 16 00186 Rome"
  },
  {
    "name":"Sinistra democratica",
    "city":"Rome",
    "country":"Italy",
    "group":"S&D",
    "group_name":"Socialists & Democrats",
    "lat":41.903068,
    "lng":12.483269,
    "wikipedia_site":"http://en.wikipedia.org/wiki/Sinistra_Democratica",
    "headquarters":"Via Palermo, 12 00184 Rome"
  },
  {
    "name":"LSDP",
    "city":"Vilnius",
    "country":"Lithuania",
    "group":"S&D",
    "group_name":"Socialists & Democrats",
    "lat":54.684551,
    "lng":25.289691,
    "wikipedia_site":"http://en.wikipedia.org/wiki/LSDP",
    "headquarters":"1 B. Radvilaitės g., Vilnius"
  },
  {
    "name":"LSAP",
    "city":"Luxembourg",
    "country":"Luxembourg",
    "group":"S&D",
    "group_name":"Socialists & Democrats",
    "lat":49.593068,
    "lng":6.12008,
    "wikipedia_site":"http://en.wikipedia.org/wiki/LSAP",
    "headquarters":"68, rue de Gasperich Luxembourg"
  },
  {
    "name":"Labour party",
    "city":"Hamrun",
    "country":"Malta",
    "group":"S&D",
    "group_name":"Socialists & Democrats",
    "lat":35.886963,
    "lng":14.493686,
    "wikipedia_site":"http://en.wikipedia.org/wiki/Labour_Party_%28Malta%29",
    "headquarters":"Mile End Street, Ħamrun"
  },
  {
    "name":"Partij van de Arbeid",
    "city":"Amsterdam",
    "country":"Netherlands",
    "group":"S&D",
    "group_name":"Socialists & Democrats",
    "lat":56.029209,
    "lng":14.081217,
    "wikipedia_site":"http://en.wikipedia.org/wiki/Partij_van_de_Arbeid",
    "headquarters":"Partijbureau PvdA Herengracht 54 Amsterdam"
  },
  {
    "name":"Socjaldemokracja Polska",
    "city":"Warsaw",
    "country":"Poland",
    "group":"S&D",
    "group_name":"Socialists & Democrats",
    "lat":52.505655,
    "lng":5.23059,
    "wikipedia_site":"http://en.wikipedia.org/wiki/Socjaldemokracja_Polska",
    "headquarters":"ul. Mokotowska 29 A, 00–560 Warsaw"
  },
  {
    "name":"Partido Socialista",
    "city":"Lisbon",
    "country":"Portugal",
    "group":"S&D",
    "group_name":"Socialists & Democrats",
    "lat":38.720386,
    "lng":-9.154913,
    "wikipedia_site":"http://en.wikipedia.org/wiki/Socialist_Party_%28Portugal%29",
    "headquarters":"Largo do Rato 2, 1269-143 Lisbon"
  },
  {
    "name":"PSD",
    "city":"Bucharest",
    "country":"Romania",
    "group":"S&D",
    "group_name":"Socialists & Democrats",
    "lat":44.461128,
    "lng":26.081225,
    "wikipedia_site":"http://en.wikipedia.org/wiki/Social_Democratic_Party_%28Romania%29",
    "headquarters":"Şos. Kiseleff nr. 10 Bucharest"
  },
  {
    "name":"Smer",
    "city":"Bratislava",
    "country":"Slovak Republic",
    "group":"S&D",
    "group_name":"Socialists & Democrats",
    "lat":48.145892,
    "lng":17.107137,
    "wikipedia_site":"http://en.wikipedia.org/wiki/Smer",
    "headquarters":"Bratislava"
  },
  {
    "name":"SD",
    "city":"Ljubljana",
    "country":"Slovenia",
    "group":"S&D",
    "group_name":"Socialists & Democrats",
    "lat":46.056451,
    "lng":14.50807,
    "wikipedia_site":"http://en.wikipedia.org/wiki/Social_Democrats_%28Slovenia%29",
    "headquarters":"Ljubljana"
  },
  {
    "name":"PSOE",
    "city":"Madrid",
    "country":"Spain",
    "group":"S&D",
    "group_name":"Socialists & Democrats",
    "lat":40.428484,
    "lng":-3.719404,
    "wikipedia_site":"http://en.wikipedia.org/wiki/PSOE",
    "headquarters":"Calle de Ferraz, 70 28008 Madrid"
  },
  {
    "name":"SSA",
    "city":"Stockholm",
    "country":"Sweden",
    "group":"S&D",
    "group_name":"Socialists & Democrats",
    "lat":59.339247,
    "lng":18.060363,
    "wikipedia_site":"http://en.wikipedia.org/wiki/Swedish_Social_Democratic_Party",
    "headquarters":"Sveavägen 68, Stockholm"
  },
  {
    "name":"Labour party",
    "city":"lngdon",
    "country":"UK",
    "group":"S&D",
    "group_name":"Socialists & Democrats",
    "lat":51.498468,
    "lng":-0.135898,
    "wikipedia_site":"http://en.wikipedia.org/wiki/Labour_Party_%28UK%29",
    "headquarters":"One Brewer's Green, lngdon"
  },
  {
    "name":"Dansk Folkeparti",
    "city":"Copenhagen",
    "country":"Denmark",
    "group":"EFD",
    "group_name":"Europe for Freedom and Democracy",
    "lat":55.6758333,
    "lng":12.5788889,
    "wikipedia_site":"http://en.wikipedia.org/wiki/Dansk_Folkeparti",
    "headquarters":"Christiansborg Palace, 1218 Copenhagen, Denmark"
  },
  {
    "name":"Peruss",
    "city":"Helsinki",
    "country":"Finland",
    "group":"EFD",
    "group_name":"Europe for Freedom and Democracy",
    "lat":60.1644925,
    "lng":24.9435853,
    "wikipedia_site":"http://en.wikipedia.org/wiki/Perussuomalaiset",
    "headquarters":"Yrjönkatu 8-10, 00120 Helsinki, Finland"
  },
  {
    "name":"Mouvement pour France",
    "city":"Paris",
    "country":"France",
    "group":"EFD",
    "group_name":"Europe for Freedom and Democracy",
    "lat":48.8564913,
    "lng":2.3085292,
    "wikipedia_site":"http://en.wikipedia.org/wiki/Movement_for_France",
    "headquarters":"16 Bis Avenue de la Motte-Picquet, 75007 Paris, France"
  },
  {
    "name":"LAOS",
    "city":"Athens",
    "country":"Greece",
    "group":"EFD",
    "group_name":"Europe for Freedom and Democracy",
    "lat":52.377688,
    "lng":4.890243,
    "wikipedia_site":"http://en.wikipedia.org/wiki/Popular_Orthodox_Rally",
    "headquarters":"52, Kallirois Avenue, 117 45 Athens"
  },
  {
    "name":"Lega Nord",
    "city":"Milan",
    "country":"Italy",
    "group":"EFD",
    "group_name":"Europe for Freedom and Democracy",
    "lat":45.5178687,
    "lng":9.1775318,
    "wikipedia_site":"http://en.wikipedia.org/wiki/Lega_Nord",
    "headquarters":"Via Carlo Bellerio, 41, 20161 Milan, Italy"
  },
  {
    "name":"Io amo l'Italia",
    "city":"Rome",
    "country":"Italy",
    "group":"EFD",
    "group_name":"Europe for Freedom and Democracy",
    "lat":48.185317,
    "lng":16.478462,
    "wikipedia_site":"http://en.wikipedia.org/wiki/I_Love_Italy",
    "headquarters":""
  },
  {
    "name":"Tvarka ir teisingumas",
    "city":"Vilnius",
    "country":"Lithuania",
    "group":"EFD",
    "group_name":"Europe for Freedom and Democracy",
    "lat":54.686533,
    "lng":25.282014,
    "wikipedia_site":"http://en.wikipedia.org/wiki/Tvarka_ir_teisingumas",
    "headquarters":"Totorių gatvė 1, Vilnius 01103, Lithuania"
  },
  {
    "name":"SGP",
    "city":"Gouda",
    "country":"Netherlands",
    "group":"EFD",
    "group_name":"Europe for Freedom and Democracy",
    "lat":52.0215164,
    "lng":4.6902599,
    "wikipedia_site":"http://en.wikipedia.org/wiki/Reformed_Political_Party",
    "headquarters":"Burgemeester van Reenensingel 101, 2803 PA Gouda, The Netherlands"
  },
  {
    "name":"Solidarna Polska",
    "city":"Warsaw",
    "country":"Poland",
    "group":"EFD",
    "group_name":"Europe for Freedom and Democracy",
    "lat":52.223703,
    "lng":21.0229063,
    "wikipedia_site":"http://en.wikipedia.org/wiki/United_Poland",
    "headquarters":"Piękna 1B, Warsaw, Poland"
  },
  {
    "name":"SNR",
    "city":"Bratislava",
    "country":"Slovak Republic",
    "group":"EFD",
    "group_name":"Europe for Freedom and Democracy",
    "lat":46.056451,
    "lng":14.50807,
    "wikipedia_site":"http://en.wikipedia.org/wiki/Slovak_National_Party",
    "headquarters":"Bratislava"
  },
  {
    "name":"UKIP",
    "city":"Devon",
    "country":"England",
    "group":"EFD",
    "group_name":"Europe for Freedom and Democracy",
    "lat":50.528905,
    "lng":-3.60836,
    "wikipedia_site":"http://en.wikipedia.org/wiki/UKIP",
    "headquarters":"Newton Abbot, Devon TQ12, UK"
  },
  {
    "name":"NEOS",
    "city":"Vienna",
    "country":"Austria",
    "group":"ALDE",
    "group_name":"Alliance of Liberals and Democrats of Europe",
    "lat":48.185317,
    "lng":16.478462,
    "wikipedia_site":"http://en.wikipedia.org/wiki/NEOS",
    "headquarters":"Vienna"
  },
  {
    "name":"Open VLD",
    "city":"Brussels",
    "country":"Belgium",
    "group":"ALDE",
    "group_name":"Alliance of Liberals and Democrats of Europe",
    "lat":50.8503199,
    "lng":4.3485771,
    "wikipedia_site":"http://en.wikipedia.org/wiki/Open_VLD",
    "headquarters":"Melsensstraat 34, 1000 Brussels, Belgium"
  },
  {
    "name":"Mouvement Réformateur",
    "city":"Brussels",
    "country":"Belgium",
    "group":"ALDE",
    "group_name":"Alliance of Liberals and Democrats of Europe",
    "lat":50.8339596,
    "lng":4.3515619,
    "wikipedia_site":"http://en.wikipedia.org/wiki/Mouvement_R%C3%A9formateur",
    "headquarters":"Avenue de la Toison d'Or 84, 1060 Brussels, Belgium"
  },
  {
    "name":"Nacionalno dviženie za stabilnost i văzhod",
    "city":"Sofia",
    "country":"Bulgaria",
    "group":"ALDE",
    "group_name":"Alliance of Liberals and Democrats of Europe",
    "lat":42.6979807,
    "lng":23.3342443,
    "wikipedia_site":"http://en.wikipedia.org/wiki/National_movement_for_stability_and_progress",
    "headquarters":"ulitsa Vrabcha 23, 1000 Sofia, Bulgaria"
  },
  {
    "name":"DPS",
    "city":"Sofia",
    "country":"Bulgaria",
    "group":"ALDE",
    "group_name":"Alliance of Liberals and Democrats of Europe",
    "lat":42.6085352,
    "lng":23.6014097,
    "wikipedia_site":"http://en.wikipedia.org/wiki/Movement_for_Rights_and_Freedoms",
    "headquarters":"Street Aleksandar Stamboliyski, 2110 Novi khan, Bulgaria"
  },
  {
    "name":"Venstre",
    "city":"Holte",
    "country":"Denmark",
    "group":"ALDE",
    "group_name":"Alliance of Liberals and Democrats of Europe",
    "lat":55.812546,
    "lng":12.494735,
    "wikipedia_site":"http://en.wikipedia.org/wiki/Venstre_%28Denmark%29",
    "headquarters":"Søllerødvej 30, 2840 Holte, Denmark"
  },
  {
    "name":"Radikale B",
    "city":"Copenhagen",
    "country":"Denmark",
    "group":"ALDE",
    "group_name":"Alliance of Liberals and Democrats of Europe",
    "lat":55.6758333,
    "lng":12.5788889,
    "wikipedia_site":"http://en.wikipedia.org/wiki/Danish_Social_Liberal_Party",
    "headquarters":"Christiansborg Palace, 1218 Copenhagen, Denmark"
  },
  {
    "name":"Eesti keskerakond",
    "city":"Tallinn",
    "country":"Estonia",
    "group":"ALDE",
    "group_name":"Alliance of Liberals and Democrats of Europe",
    "lat":59.4378303,
    "lng":24.7412927,
    "wikipedia_site":"http://en.wikipedia.org/wiki/Eesti_Keskerakond",
    "headquarters":"Toom-Rüütli 5, 10130 Tallinn, Estonia"
  },
  {
    "name":"Eesti reformierakond",
    "city":"Tallinn",
    "country":"Estonia",
    "group":"ALDE",
    "group_name":"Alliance of Liberals and Democrats of Europe",
    "lat":59.4296415,
    "lng":24.7417508,
    "wikipedia_site":"http://en.wikipedia.org/wiki/Eesti_Reformierakond",
    "headquarters":"Tõnismägi 9, 10119 Tallinn, Estonia"
  },
  {
    "name":"Suomen Keskusta",
    "city":"Helsinki",
    "country":"Finland",
    "group":"ALDE",
    "group_name":"Alliance of Liberals and Democrats of Europe",
    "lat":60.1764772,
    "lng":24.9257952,
    "wikipedia_site":"http://en.wikipedia.org/wiki/Suomen_Keskusta",
    "headquarters":"Apollngkatu 11 a, 00100 Helsinki, Finland"
  },
  {
    "name":"SFP",
    "city":"Helsinki",
    "country":"Finland",
    "group":"ALDE",
    "group_name":"Alliance of Liberals and Democrats of Europe",
    "lat":60.1690525,
    "lng":24.936651,
    "wikipedia_site":"http://en.wikipedia.org/wiki/Swedish_People%27s_Party_of_Finland",
    "headquarters":"Simonsgatan 8, 00100 Helsinki, Finland"
  },
  {
    "name":"Mouvement Democrate",
    "city":"Paris",
    "country":"France",
    "group":"ALDE",
    "group_name":"Alliance of Liberals and Democrats of Europe",
    "lat":48.8610979,
    "lng":2.3076692,
    "wikipedia_site":"http://en.wikipedia.org/wiki/Mouvement_Democrate",
    "headquarters":"133Bis Rue de l'Université, 75007 Paris, France"
  },
  {
    "name":"CAP21",
    "city":"Paris",
    "country":"France",
    "group":"ALDE",
    "group_name":"Alliance of Liberals and Democrats of Europe",
    "lat":48.87719,
    "lng":2.3100047,
    "wikipedia_site":"http://en.wikipedia.org/wiki/Citizenship,_Action,_Participation_for_the_21st_Century",
    "headquarters":"40 Rue de Monceau, 75008 Paris, France"
  },
  {
    "name":"Freie demokratische partei",
    "city":"Berlin",
    "country":"Germany",
    "group":"ALDE",
    "group_name":"Alliance of Liberals and Democrats of Europe",
    "lat":52.5236997,
    "lng":13.3856291,
    "wikipedia_site":"http://en.wikipedia.org/wiki/Freie_Demokratische_Partei",
    "headquarters":"Reinhardtstraße 14, 10117 Berlin, Germany"
  },
  {
    "name":"Drassi",
    "city":"Athens",
    "country":"Greece",
    "group":"ALDE",
    "group_name":"Alliance of Liberals and Democrats of Europe",
    "lat":56.949649,
    "lng":24.105186,
    "wikipedia_site":"http://en.wikipedia.org/wiki/Drassi",
    "headquarters":"98Α, Vasilissis Sofias Avenue, 11528, Athens"
  },
  {
    "name":"MLP",
    "city":"Budapest",
    "country":"Hungary",
    "group":"ALDE",
    "group_name":"Alliance of Liberals and Democrats of Europe",
    "lat":35.8869634,
    "lng":14.4936856,
    "wikipedia_site":"http://en.wikipedia.org/wiki/Malta_Labour_Party",
    "headquarters":"Triq Mile End, Hamrun, Malta"
  },
  {
    "name":"Fianna Fail",
    "city":"Dublin",
    "country":"Ireland",
    "group":"ALDE",
    "group_name":"Alliance of Liberals and Democrats of Europe",
    "lat":53.3393627,
    "lng":-6.2451967,
    "wikipedia_site":"http://en.wikipedia.org/wiki/Fianna_Fail",
    "headquarters":"66 Mount Street Lower, Dublin 2, Ireland"
  },
  {
    "name":"Democrazia è Libèrta",
    "city":"Rome",
    "country":"Italy",
    "group":"ALDE",
    "group_name":"Alliance of Liberals and Democrats of Europe",
    "lat":41.9030712,
    "lng":12.4832713,
    "wikipedia_site":"http://en.wikipedia.org/wiki/Democracy_is_Freedom_%E2%80%93_The_Daisy",
    "headquarters":"Via di Sant'Andrea delle Fratte, 16, 00187 Rome, Italy"
  },
  {
    "name":"Italia dei Valori",
    "city":"Rome",
    "country":"Italy",
    "group":"ALDE",
    "group_name":"Alliance of Liberals and Democrats of Europe",
    "lat":41.9009976,
    "lng":12.4816402,
    "wikipedia_site":"http://en.wikipedia.org/wiki/Italia_dei_Valori",
    "headquarters":"Via di Santa Maria in Via, 12, 00187 Rome, Italy"
  },
  {
    "name":"Alleanza per Italia",
    "city":"Rome",
    "country":"Italy",
    "group":"ALDE",
    "group_name":"Alliance of Liberals and Democrats of Europe",
    "lat":41.9030712,
    "lng":12.4832713,
    "wikipedia_site":"http://en.wikipedia.org/wiki/Alliance_for_Italy",
    "headquarters":"Via di Sant'Andrea delle Fratte, 16, 00187 Rome, Italy"
  },
  {
    "name":"Radicali italiani",
    "city":"Rome",
    "country":"Italy",
    "group":"ALDE",
    "group_name":"Alliance of Liberals and Democrats of Europe",
    "lat":41.8971815,
    "lng":12.476333,
    "wikipedia_site":"http://en.wikipedia.org/wiki/Radicali_Italiani",
    "headquarters":"Via di Torre Argentina, 76, 00186 Rome, Italy"
  },
  {
    "name":"LPP/LC",
    "city":"Riga",
    "country":"Latvia",
    "group":"ALDE",
    "group_name":"Alliance of Liberals and Democrats of Europe",
    "lat":46.056451,
    "lng":14.50807,
    "wikipedia_site":"http://en.wikipedia.org/wiki/LPP/LC",
    "headquarters":"Riga"
  },
  {
    "name":"Darbo partija",
    "city":"Vilnius",
    "country":"Lithuania",
    "group":"ALDE",
    "group_name":"Alliance of Liberals and Democrats of Europe",
    "lat":54.689765,
    "lng":25.266889,
    "wikipedia_site":"http://en.wikipedia.org/wiki/Darbo_partija",
    "headquarters":"Ankštoji gatvė 3, Vilnius 01109, Lithuania"
  },
  {
    "name":"Liberalu sajudis",
    "city":"Vilnius",
    "country":"Lithuania",
    "group":"ALDE",
    "group_name":"Alliance of Liberals and Democrats of Europe",
    "lat":54.689263,
    "lng":25.2684399,
    "wikipedia_site":"http://en.wikipedia.org/wiki/Liberal_Movement_%28Lithuania%29",
    "headquarters":"J. Tumo-Vaižganto gatvė 1, Vilnius 01108, Lithuania"
  },
  {
    "name":"Demokratesch partei",
    "city":"Luxembourg",
    "country":"Luxembourg",
    "group":"ALDE",
    "group_name":"Alliance of Liberals and Democrats of Europe",
    "lat":49.6089777,
    "lng":6.1335062,
    "wikipedia_site":"http://en.wikipedia.org/wiki/Demokratesch_Partei",
    "headquarters":"9 Rue du St. Esprit, 1475 Luxemburg City, Luxembourg"
  },
  {
    "name":"VVD",
    "city":"The Hague",
    "country":"Netherlands",
    "group":"ALDE",
    "group_name":"Alliance of Liberals and Democrats of Europe",
    "lat":52.0913422,
    "lng":4.3059732,
    "wikipedia_site":"http://en.wikipedia.org/wiki/VVD",
    "headquarters":"Laan Copes van Cattenburch 52, 2585 GB The Hague, The Netherlands"
  },
  {
    "name":"D66",
    "city":"The Hague",
    "country":"Netherlands",
    "group":"ALDE",
    "group_name":"Alliance of Liberals and Democrats of Europe",
    "lat":52.0817533,
    "lng":4.3130767,
    "wikipedia_site":"http://en.wikipedia.org/wiki/Democrats_66",
    "headquarters":"Hoge Nieuwstraat 30, 2514 EL The Hague, The Netherlands"
  },
  {
    "name":"PNL",
    "city":"Bucharest",
    "country":"Romania",
    "group":"ALDE",
    "group_name":"Alliance of Liberals and Democrats of Europe",
    "lat":44.4679767,
    "lng":26.0875983,
    "wikipedia_site":"http://en.wikipedia.org/wiki/National_Liberal_Party_%28Romania%29",
    "headquarters":"Bulevardul Aviatorilor 86, Bucharest 011866, Romania"
  },
  {
    "name":"S",
    "city":"Bratislava",
    "country":"Slovak Republic",
    "group":"ALDE",
    "group_name":"Alliance of Liberals and Democrats of Europe",
    "lat":46.056451,
    "lng":14.50807,
    "wikipedia_site":"http://en.wikipedia.org/wiki/People%27s_Party_%E2%80%93_Movement_for_a_Democratic_Slovakia",
    "headquarters":"Bratislava"
  },
  {
    "name":"LDS",
    "city":"Ljubljana",
    "country":"Slovenia",
    "group":"ALDE",
    "group_name":"Alliance of Liberals and Democrats of Europe",
    "lat":60.178155,
    "lng":24.946727,
    "wikipedia_site":"http://en.wikipedia.org/wiki/Liberal_Democracy_of_Slovenia",
    "headquarters":"Ljubljana"
  },
  {
    "name":"CDC",
    "city":"Barcelnga",
    "country":"Spain",
    "group":"ALDE",
    "group_name":"Alliance of Liberals and Democrats of Europe",
    "lat":41.3974738,
    "lng":2.1604115,
    "wikipedia_site":"http://en.wikipedia.org/wiki/Democratic_Convergence_of_Catalngia",
    "headquarters":"Carrer Còrsega, 331, 08037 Barcelnga, Spain"
  },
  {
    "name":"PNV-EAJ",
    "city":"Bilbao",
    "country":"Spain",
    "group":"ALDE",
    "group_name":"Alliance of Liberals and Democrats of Europe",
    "lat":43.2631804,
    "lng":-2.9276465,
    "wikipedia_site":"http://en.wikipedia.org/wiki/Basque_Nationalist_Party",
    "headquarters":"Ibáñez de Bilbao Kalea, 16, 48001 Bilbao, Biscay, Spain"
  },
  {
    "name":"Folkpartliet liberalerna",
    "city":"Stockholm",
    "country":"Sweden",
    "group":"ALDE",
    "group_name":"Alliance of Liberals and Democrats of Europe",
    "lat":59.3253721,
    "lng":18.0673047,
    "wikipedia_site":"http://en.wikipedia.org/wiki/Liberal_People%27s_Party_%28Sweden%29",
    "headquarters":"Stora Nygatan 2A, 103 16 Stockholm, Sweden"
  },
  {
    "name":"Centerpartiet",
    "city":"Stockholm",
    "country":"Sweden",
    "group":"ALDE",
    "group_name":"Alliance of Liberals and Democrats of Europe",
    "lat":59.325255,
    "lng":18.0674818,
    "wikipedia_site":"http://en.wikipedia.org/wiki/Centerpartiet",
    "headquarters":"Stora Nygatan 4, 111 27 Stockholm, Sweden"
  },
  {
    "name":"Liberal democrats",
    "city":"lngdon",
    "country":"UK",
    "group":"ALDE",
    "group_name":"Alliance of Liberals and Democrats of Europe",
    "lat":51.501106,
    "lng":-0.1284734,
    "wikipedia_site":"http://en.wikipedia.org/wiki/Liberal_democrats",
    "headquarters":"8-10 Great George Street, Westminster, lngdon SW1P, UK"
  }
]
